1657524118,harry potter and Prisoner of Azkaban,1,5000,000000,fapfap,fap in the fap,0123658475,returned,2022-07-11T07:21:58.228989200Z
1657524139,harry potter and Deathly Hallows 2,1,74400,000000,fapfap,fap in the fap,0123658475,returned,2022-06-11T07:22:19.809962800Z
1657787959,harry potter and Prisoner of Azkaban,1,5000,000000,fapfap,fap in the fap,0123658475,returned,2022-07-14T08:39:19.311760100Z
1657787967,harry potter and chamber of secrets,1,4400,000000,fapfap,fap in the fap,0123658475,Confirm loan,2022-07-14T08:39:27.884981100Z
1657787993,harry potter and Deathly Hallows 2,1,12400,000000,fapfap,fap in the fap,0123658475,Confirm loan,2022-07-14T08:39:53.093434100Z
1657786715,harry potter and Prisoner of Azkaban,1,5000,000000,thienthien,thua thien hue,0152145158,Confirm loan,2022-07-14T08:18:35.051966400Z
1657787071,Mushroom,1,8400,000000,thienthien,thua thien hue,0152145158,Confirm loan,2022-07-14T08:24:31.211590Z
1657787104,harry potter and Deathly Hallows 2,1,12400,000000,thienthien,thua thien hue,0152145158,Confirm loan,2022-06-14T08:25:04.575883700Z
1657787116,harry potter and Deathly Hallows 1,1,10400,000000,thienthien,thua thien hue,0152145158,Confirm loan,2022-07-14T08:25:16.340308800Z
1657787478,harry potter and chamber of secrets,1,4400,000000,thienthien,thua thien hue,0152145158,Confirm loan,2022-07-14T08:31:18.742237Z
1657787621,harry potter and Order of the Phoenix,1,6800,000000,thienthien,thua thien hue,0152145158,Confirm loan,2022-07-14T08:33:41.169702200Z
1657786812,harry potter and Half-Blood Prince,1,420000,000000,c0422i1,thua thien hue,0125487589,confirm loan,2022-07-14T08:20:12.884263Z
1657788880,harry potter and Prisoner of Azkaban,1,5000,000000,fapfap,fap in the fap,0123658475,Confirm loan,2022-06-30T08:54:40.011177300Z
1657788880,harry potter and Prisoner of Azkaban,1,5000,000000,fapfap,fap in the fap,0123658475,Confirm loan,2022-07-01T08:54:40.011177300Z
1657786695,harry potter and Deathly Hallows 2,2,620000,000000,thienthien,thua thien hue,0152145158,confirm order,2022-07-14T08:18:15.386017300Z
